DATE,DESCIPTION,DEBIT,CREDIT,BALANCE,,
3/2/2026,PAYMENT THANK YOU/PAIEMEN T MERCI,,80,2998.35,,
2/26/2026,OVERLIMIT FEE,29,,3078.35,,
2/25/2026,PURCHASE INTEREST,44.84,,3049.35,,
2/25/2026,CASH INTEREST,9.18,,3004.51,,
2/23/2026,CASH ADV/BT/CONV CHQ FEE,5,,2995.33,,
2/23/2026,"CREDIT TORONTO, ON",,9.67,2990.33,,
2/23/2026,CASH ADVANCE/AVANCE DE FO NDS,28.26,,3000,,
2/17/2026,"Microsoft*Subscription Mississauga, ON",5.59,,2971.74,,
2/17/2026,PAYMENT THANK YOU/PAIEMEN T MERCI,,35,2966.15,,
2/3/2026,CASH ADV/BT/CONV CHQ FEE,5,,3001.15,,
2/3/2026,CASH ADVANCE/AVANCE DE FO NDS,10,,2996.15,,
2/2/2026,"Amazon.ca Prime Member amazon.ca/pri, BC",11.19,,2986.15,,
2/2/2026,PAYMENT THANK YOU/PAIEMEN T MERCI,,132,2974.96,,
1/27/2026,OVERLIMIT FEE,29,,3106.96,,
1/26/2026,OVERLIMIT FEE,29,,3077.96,,
1/26/2026,PURCHASE INTEREST,33.24,,3048.96,,
1/26/2026,CASH INTEREST,5.72,,3015.72,,
1/23/2026,CASH ADV/BT/CONV CHQ FEE,5,,3010,,
1/23/2026,CASH ADVANCE/AVANCE DE FO NDS,1.66,,3005,,
1/22/2026,CASH ADV/BT/CONV CHQ FEE,5,,3003.34,,
1/22/2026,CASH ADVANCE/AVANCE DE FO NDS,42,,2998.34,,
1/19/2026,PAYMENT THANK YOU/PAIEMEN T MERCI,,48.4,2956.34,,
1/8/2026,CASH ADV/BT/CONV CHQ FEE,5,,3004.74,,
1/8/2026,CASH ADVANCE/AVANCE DE FO NDS,35,,2999.74,,
1/6/2026,PAYMENT THANK YOU/PAIEMEN T MERCI,,25,2964.74,,
1/5/2026,"RENDER.COM RENDER.COM, CA 6.73 USD @ 1.408618",9.48,,2989.74,,
1/5/2026,"MICROSOFT*STORE MSBILL.INFO, ON",5.59,,2980.26,,
1/5/2026,PAYMENT THANK YOU/PAIEMEN T MERCI,,30.31,2974.67,,
12/31/2025,CASH ADV/BT/CONV CHQ FEE,5,,3004.98,,
12/31/2025,CASH ADVANCE/AVANCE DE FO NDS,10,,2999.98,,
12/30/2025,INTEREST REVERSAL,,0.02,2989.98,,
12/30/2025,PAYMENT THANK YOU/PAIEMEN T MERCI,,52.26,2990,,
12/24/2025,CASH INTEREST,4.35,,3042.26,,
12/24/2025,PURCHASE INTEREST,27.91,,3037.91,,
12/23/2025,CASH ADV/BT/CONV CHQ FEE,5,,3010,,
12/23/2025,CASH ADVANCE/AVANCE DE FO NDS,21,,3005,,
12/22/2025,CASH ADV/BT/CONV CHQ FEE,5,,2984,,
12/22/2025,PAYMENT THANK YOU/PAIEMEN T MERCI,,55,2979,,
12/22/2025,CASH ADVANCE/AVANCE DE FO NDS,29,,3034,,
12/11/2025,CASH ADV/BT/CONV CHQ FEE,5,,3005,,
12/11/2025,CASH ADVANCE/AVANCE DE FO NDS,12.39,,3000,,
12/8/2025,"APPLE.COM/BILL 866-712-7753, ON",39.19,,2987.61,,
12/8/2025,PAYMENT THANK YOU/PAIEMEN T MERCI,,55,2948.42,,
12/5/2025,"WAL-MART SUPERCENTER#3188 LANGFORD, BC",9.26,,3003.42,,
12/3/2025,"APPLE.COM/BILL 866-712-7753, ON",47.02,,2994.16,,
12/3/2025,"APPLE.COM/BILL 866-712-7753, ON",44.79,,2947.14,,
12/3/2025,"SHELL C47030 VICTORIA, BC",23.79,,2902.35,,
12/2/2025,CASH ADV/BT/CONV CHQ FEE,5,,2878.56,,
12/2/2025,"DOORDASHBIRYANIPALA DOWNTOWN TORO, ON",63.06,,2873.56,,
12/2/2025,CASH ADVANCE/AVANCE DE FO NDS,75,,2810.5,,
12/1/2025,PAYMENT THANK YOU/PAIEMEN T MERCI,,250,2735.5,,
12/1/2025,PAYMENT THANK YOU/PAIEMEN T MERCI,,88.44,2985.5,,
11/26/2025,CASH ADV/BT/CONV CHQ FEE,5,,3073.94,,
11/26/2025,OVERLIMIT FEE,29,,3068.94,,
11/26/2025,CASH ADVANCE/AVANCE DE FO NDS,10,,3039.94,,
11/25/2025,CASH INTEREST,3.75,,3029.94,,
11/25/2025,PURCHASE INTEREST,36.19,,3026.19,,
11/17/2025,PAYMENT THANK YOU/PAIEMEN T MERCI,,15,2990,,
11/13/2025,CASH ADV/BT/CONV CHQ FEE,5,,3005,,
11/13/2025,CASH ADVANCE/AVANCE DE FO NDS,2.08,,3000,,
11/10/2025,PAYMENT THANK YOU/PAIEMEN T MERCI,,7.08,2997.92,,
11/5/2025,CASH ADV/BT/CONV CHQ FEE,5,,3005,,
11/5/2025,CASH ADVANCE/AVANCE DE FO NDS,2.76,,3000,,
10/28/2025,INTEREST REVERSAL,,0.01,2997.24,,
10/28/2025,PAYMENT THANK YOU/PAIEMEN T MERCI,,50,2997.25,,
10/28/2025,PAYMENT THANK YOU/PAIEMEN T MERCI,,40.91,3047.25,,
10/28/2025,INTEREST REVERSAL,,0.01,3088.16,,
10/27/2025,LEKORO LTD LONDON,48.75,,3088.17,,
10/24/2025,PURCHASE INTEREST,27.01,,3039.42,,
10/24/2025,CASH INTEREST,3.19,,3012.41,,
10/17/2025,CASH ADV/BT/CONV CHQ FEE,5,,3009.22,,
10/17/2025,CASH ADVANCE/AVANCE DE FO NDS,15,,3004.22,,
10/16/2025,CASH ADV/BT/CONV CHQ FEE,5,,2989.22,,
10/16/2025,PROTON AG* PROTON AG GENEVA,6.24,,2984.22,,
10/16/2025,CASH ADVANCE/AVANCE DE FO NDS,25,,2977.98,,
10/14/2025,"PAYMENTUS-SERVICE-FEE 800-420-1663, ON",1.46,,2952.98,,
10/14/2025,"BC-HYDRO-BILL-PMNT 800-224-9376, BC",83.23,,2951.52,,
10/14/2025,PAYMENT THANK YOU/PAIEMEN T MERCI,,100.71,2868.29,,
10/14/2025,PAYMENT THANK YOU/PAIEMEN T MERCI,,75,2969,,
10/7/2025,CASH ADV/BT/CONV CHQ FEE,5,,3044,,
10/7/2025,OVERLIMIT FEE,29,,3039,,
10/7/2025,CASH ADV/BT/CONV CHQ FEE,5,,3010,,
10/7/2025,CASH ADV/BT/CONV CHQ FEE,5,,3005,,
10/7/2025,CASH ADVANCE/AVANCE DE FO NDS,4.71,,3000,,
10/7/2025,PAYMENT THANK YOU/PAIEMEN T MERCI,,69.51,2995.29,,
10/7/2025,CASH ADVANCE/AVANCE DE FO NDS,80,,3064.8,,
10/7/2025,CASH ADVANCE/AVANCE DE FO NDS,11,,2984.8,,
10/6/2025,"BAKECARGO VANCOUVER, BC",60,,2973.8,,
10/6/2025,PAYMENT THANK YOU/PAIEMEN T MERCI,,70.5,2913.8,,
10/6/2025,PAYMENT THANK YOU/PAIEMEN T MERCI,,171.29,2984.3,,
10/6/2025,PAYMENT THANK YOU/PAIEMEN T MERCI,,175,3155.59,,
10/6/2025,"BELL MOBILITY VERDUN, QC",150,,3330.59,,
10/6/2025,"SHAW CABLESYSTEMS CALGARY, AB",175,,3180.59,,
10/3/2025,CASH ADV/BT/CONV CHQ FEE,5,,3005.59,,
10/3/2025,CASH ADVANCE/AVANCE DE FO NDS,7,,3000.59,,
10/1/2025,"FAM DOCS OFFICE VICTORIA, BC",44.35,,2993.59,,
10/1/2025,PAYMENT THANK YOU/PAIEMEN T MERCI,,5.56,2949.24,,
10/1/2025,PAYMENT THANK YOU/PAIEMEN T MERCI,,12.36,2954.8,,
9/29/2025,"Netflix.com 866-716-0414, ON",21.27,,2967.16,,
9/29/2025,PAYMENT THANK YOU/PAIEMEN T MERCI,,100,2945.89,,
9/25/2025,PURCHASE INTEREST,33.8,,3045.89,,
9/25/2025,CASH INTEREST,2.09,,3012.09,,
9/16/2025,CASH ADV/BT/CONV CHQ FEE,5,,3010,,
9/16/2025,CASH ADV/BT/CONV CHQ FEE,5,,3005,,
9/16/2025,CASH ADVANCE/AVANCE DE FO NDS,19.56,,3000,,
9/16/2025,**CASH ADVANCE - AVANCE D E FONDS**,60,,2980.44,,
9/15/2025,PAYMENT THANK YOU/PAIEMEN T MERCI,,130,2920.44,,
9/15/2025,"WAL-MART SUPERCENTER#3188 LANGFORD, BC",72.69,,3050.44,,
9/9/2025,PROTON AG* PROTON AG GENEVA,6.24,,2977.75,,
9/2/2025,PAYMENT THANK YOU/PAIEMEN T MERCI,,95,2971.51,,
8/26/2025,OVERLIMIT FEE,29,,3066.51,,
8/25/2025,PURCHASE INTEREST,39.25,,3037.51,,
8/25/2025,CASH INTEREST,1.47,,2998.26,,
8/25/2025,"Netflix.com 866-716-0414, ON",21.27,,2996.79,,
8/20/2025,CASH ADV/BT/CONV CHQ FEE,5,,2975.52,,
8/20/2025,CASH ADVANCE/AVANCE DE FO NDS,30,,2970.52,,
8/20/2025,"PALAGIO PIZZA VICTORIA, BC",17.65,,2940.52,,
8/19/2025,PAYMENT THANK YOU/PAIEMEN T MERCI,,27.13,2922.87,,
8/18/2025,PAYMENT THANK YOU/PAIEMEN T MERCI,,63.73,2950,,
8/14/2025,PAYMENT THANK YOU/PAIEMEN T MERCI,,75,3013.73,,
8/12/2025,"WAL-MART SUPERCENTER#3188 LANGFORD, BC",24.25,,3088.73,,
8/11/2025,OVERLIMIT FEE,29,,3064.48,,
8/11/2025,"SHOPPERS DRUG MART #27 VICTORIA, BC",44.14,,3035.48,,
8/11/2025,"SHELL C47030 VICTORIA, BC",39.87,,2991.34,,
8/11/2025,"STARBUCKS 04546 VICTORIA, BC",6.78,,2951.47,,
8/6/2025,PAYMENT THANK YOU/PAIEMEN T MERCI,,67.75,2944.69,,
8/5/2025,CASH ADV/BT/CONV CHQ FEE,5,,3012.44,,
8/5/2025,"THE JOINT PIZZERIA VICTORIA, BC",2.19,,3007.44,,
8/5/2025,"R PARKING - LOT 222 VICTORIA, BC",5.5,,3005.25,,
8/5/2025,CASH ADVANCE/AVANCE DE FO NDS,12,,2999.75,,
7/28/2025,"CITY OF VICTORIA PARKI VICTORIA, BC",4,,2987.75,,
7/25/2025,PURCHASE INTEREST,44.41,,2983.75,,
7/25/2025,CASH INTEREST,0.8,,2939.34,,
7/25/2025,"Netflix.com 866-716-0414, ON",21.27,,2938.54,,
7/22/2025,PAYMENT THANK YOU/PAIEMEN T MERCI,,69.34,2917.27,,
7/21/2025,CASH ADV/BT/CONV CHQ FEE,5,,2986.61,,
7/21/2025,"CITY OF VICTORIA PARKI VICTORIA, BC",2,,2981.61,,
7/21/2025,"WESTERN COAST INSURANCE VICTORIA, BC",59.29,,2979.61,,
7/21/2025,PAYMENT THANK YOU/PAIEMEN T MERCI,,10,2920.32,,
7/21/2025,PAYMENT THANK YOU/PAIEMEN T MERCI,,47.5,2930.32,,
7/21/2025,PAYMENT THANK YOU/PAIEMEN T MERCI,,6.84,2977.82,,
7/21/2025,PAYMENT THANK YOU/PAIEMEN T MERCI,,75,2984.66,,
7/21/2025,CASH ADVANCE/AVANCE DE FO NDS,65,,3059.66,,
7/15/2025,"APPLE.COM/BILL 866-712-7753, ON",44.79,,2994.66,,
7/11/2025,"APPLE.COM/BILL 866-712-7753, ON",39.19,,2949.87,,
7/10/2025,"PAYMENTUS-SERVICE-FEE 800-420-1663, ON",3.68,,2910.68,,
7/10/2025,"BC-HYDRO-BILL-PMNT 800-224-9376, BC",210,,2907,,
7/10/2025,PAYMENT THANK YOU/PAIEMEN T MERCI,,226.3,2697,,
7/10/2025,PAYMENT THANK YOU/PAIEMEN T MERCI,,42.77,2923.3,,
7/8/2025,"WAL-MART SUPERCENTER#1214 VICTORIA, BC",131.87,,2966.07,,
7/8/2025,PAYMENT THANK YOU/PAIEMEN T MERCI,,45,2834.2,,
7/7/2025,"APPLE.COM/BILL 866-712-7753, ON",60.47,,2879.2,,
7/7/2025,"APPLE.COM/BILL 866-712-7753, ON",60.47,,2818.73,,
7/7/2025,"APPLE.COM/BILL TORONTO, ON",60.47,,2758.26,,
7/7/2025,PAYMENT THANK YOU/PAIEMEN T MERCI,,53,2697.79,,
7/7/2025,PAYMENT THANK YOU/PAIEMEN T MERCI,,250,2750.79,,
7/7/2025,"APPLE.COM/BILL 866-712-7753, ON",44.79,,3000.79,,
7/7/2025,"BIRYANI PALACE VICTORIA, BC",56.72,,2956,,
7/3/2025,PAYMENT THANK YOU/PAIEMEN T MERCI,,42.15,2899.28,,
7/3/2025,PAYMENT THANK YOU/PAIEMEN T MERCI,,8.57,2941.43,,
7/2/2025,PAYMENT THANK YOU/PAIEMEN T MERCI,,42.02,2950,,
6/30/2025,"APPLE.COM/BILL 866-712-7753, ON",60.47,,2992.02,,
6/30/2025,PAYMENT THANK YOU/PAIEMEN T MERCI,,25,2931.55,,
6/30/2025,PAYMENT THANK YOU/PAIEMEN T MERCI,,45.42,2956.55,,
6/27/2025,"APPLE.COM/BILL 866-712-7753, ON",44.79,,3001.97,,
6/25/2025,PURCHASE INTEREST,11.89,,2957.18,,
6/25/2025,CASH INTEREST,1.41,,2945.29,,
6/25/2025,ANNUAL FEE,29,,2943.88,,
6/25/2025,"NETFLIX.COM Vancover, BC",21.27,,2914.88,,
6/25/2025,PAYMENT THANK YOU/PAIEMEN T MERCI,,100,2893.61,,
6/24/2025,PAYMENT THANK YOU/PAIEMEN T MERCI,,75,2993.61,,
6/24/2025,PAYMENT THANK YOU/PAIEMEN T MERCI,,24,3068.61,,
6/23/2025,"TIM HORTONS INTL TERM CALGARY, AB",7.75,,3092.61,,
6/23/2025,"YELLOW CAB OF VICTORIA VICTORIA, BC",88.26,,3084.86,,
6/23/2025,"PETRO-CANADA 59222 SCARBOROUGH, ON",55.63,,2996.6,,
6/23/2025,"POPEYES #10659 OSHAWA, ON",33.19,,2940.97,,
6/23/2025,"ENTERPRISE CANADA C2PA MISSISSAUGA, ON",267.26,,2907.78,,
6/23/2025,"SHOPPERS DRUG MART #12 OSHAWA, ON",180,,2640.52,,
6/20/2025,Amazon.fr Payments www.http:/Ama,,6.96,2460.52,,
6/19/2025,Amazon.fr Payments www.http:/Ama,,32.52,2467.48,,
6/17/2025,PAYMENT THANK YOU/PAIEMEN T MERCI,,232.52,2500,,
6/10/2025,PAYMENT THANK YOU/PAIEMEN T MERCI,,125,2732.52,,
6/6/2025,PAYMENT THANK YOU/PAIEMEN T MERCI,,38.63,2857.52,,
6/5/2025,"WAL-MART SUPERCENTER#3111 SCARBOROUGH, ON",301.23,,2896.15,,
6/4/2025,"ENTERPRISE CANADA C2PA MISSISSAUGA, ON",446.06,,2594.92,,
6/4/2025,"ONROUTE TRENTON S #1170 BRIGHTON, ON",44.4,,2148.86,,
6/4/2025,"ONROUTE TRENTON S #1170 BRIGHTON, ON",83.57,,2104.46,,
6/3/2025,"TIM HORTONS #103982 BRIGHTON, ON",11.33,,2020.89,,
6/3/2025,PAYMENT THANK YOU/PAIEMEN T MERCI,,157.29,2009.56,,
6/3/2025,"BUFFET GARDEN BELLEVILLE, ON",100.31,,2166.85,,
6/3/2025,"A&W #4516 SCARBOROUGH SCARBOROUGH, ON",18.4,,2066.54,,
6/3/2025,"WAL-MART SUPERCENTER#3188 LANGFORD, BC",75,,2048.14,,
6/2/2025,"PIONEER STN #630 BELLEVILLE, ON",16.94,,1973.14,,
6/2/2025,"ONROUTE PORT HOPE, ON",34.08,,1956.2,,
6/2/2025,"ONROUTE PORT HOPE, ON",13.84,,1922.12,,
6/2/2025,"581 - POSTCARDS FROM E EDMONTON, AB",32.42,,1908.28,,
6/2/2025,"WESTJET 8384418354113 CALGARY, AB",210,,1875.86,,
6/2/2025,"SHELL C47005 VICTORIA, BC",35,,1665.86,,
6/2/2025,"BIRYANI PALACE VICTORIA, BC",92.69,,1630.86,,
5/30/2025,"R PARKING VIC VICTORIA, BC",8.5,,1538.17,,
5/30/2025,"SHELL C47030 VICTORIA, BC",79.74,,1529.67,,
5/30/2025,"SAVE ON FOODS 2227 VICTORIA, BC",21.87,,1449.93,,
5/29/2025,"Subway 14690 Langford, BC",19.88,,1428.06,,
5/29/2025,"FAM DOCS OFFICE VICTORIA, BC",44.35,,1408.18,,
5/28/2025,"DD/DOORDASHALIBABAPIZZ VANCOUVER, BC",61.29,,1363.83,,
5/23/2025,PURCHASE INTEREST,23.99,,1302.54,,
5/23/2025,CASH INTEREST,4.08,,1278.55,,
5/22/2025,PAYMENT THANK YOU/PAIEMEN T MERCI,,976.98,1274.47,,
5/14/2025,PAYMENT THANK YOU/PAIEMEN T MERCI,,27.16,2251.45,,
5/14/2025,PAYMENT THANK YOU/PAIEMEN T MERCI,,504.56,2278.61,,
5/13/2025,CASHBACK/REMISE EN ARGENT,,3.35,2783.17,,
5/12/2025,"CREDIT TORONTO, ON",,20,2786.52,,
5/12/2025,"PAYMENTUS-SERVICE-FEE 800-420-1663, ON",5.5,,2806.52,,
5/12/2025,"BC-HYDRO-BILL-PMNT 800-224-9376, BC",314,,2801.02,,
5/12/2025,PAYMENT THANK YOU/PAIEMEN T MERCI,,15,2487.02,,
5/12/2025,PAYMENT THANK YOU/PAIEMEN T MERCI,,88.72,2502.02,,
5/8/2025,PAYMENT THANK YOU/PAIEMEN T MERCI,,20,2590.74,,
5/8/2025,PAYMENT THANK YOU/PAIEMEN T MERCI,,87.96,2610.74,,
5/5/2025,PAYMENT THANK YOU/PAIEMEN T MERCI,,152.81,2698.7,,
5/5/2025,PAYMENT THANK YOU/PAIEMEN T MERCI,,53.39,2851.51,,
5/5/2025,PAYMENT THANK YOU/PAIEMEN T MERCI,,47.91,2904.9,,
4/28/2025,PAYMENT THANK YOU/PAIEMEN T MERCI,,109.66,2952.81,,
4/28/2025,INTEREST REVERSAL,,0.06,3062.47,,
4/25/2025,PURCHASE INTEREST,50.24,,3062.53,,
4/25/2025,CASH INTEREST,7.29,,3012.29,,
4/25/2025,CASH ADV/BT/CONV CHQ FEE,5,,3005,,
4/25/2025,CASH ADVANCE/AVANCE DE FO NDS,121.44,,3000,,
4/21/2025,"AMZN Apps CA www.amazon.ca, ON",14.55,,2878.56,,
4/21/2025,CASHBACK/REMISE EN ARGENT,,11.63,2864.01,,
4/17/2025,PAYMENT THANK YOU/PAIEMEN T MERCI,,49.36,2875.64,,
4/15/2025,PAYMENT THANK YOU/PAIEMEN T MERCI,,69.78,2925,,
4/14/2025,"APPLE.COM/BILL 866-712-7753, ON",57.1,,2994.78,,
4/14/2025,"APPLE.COM/BILL 866-712-7753, ON",22.39,,2937.68,,
4/14/2025,"APPLE.COM/BILL 866-712-7753, ON",44.79,,2915.29,,
4/14/2025,PAYMENT THANK YOU/PAIEMEN T MERCI,,70,2870.5,,
4/14/2025,PAYMENT THANK YOU/PAIEMEN T MERCI,,75,2940.5,,
4/14/2025,"Netflix.com 866-716-0414, ON",21.27,,3015.5,,
4/14/2025,"SHELL C47030 VICTORIA, BC",42.11,,2994.23,,
4/14/2025,PAYMENT THANK YOU/PAIEMEN T MERCI,,9.41,2952.12,,
4/9/2025,"R PARKING VIC VICTORIA, BC",8.5,,2961.53,,
4/8/2025,PAYMENT THANK YOU/PAIEMEN T MERCI,,27.58,2953.03,,
4/4/2025,"SHELL C47030 VICTORIA, BC",22.11,,2980.61,,
4/2/2025,"R PARKING VIC VICTORIA, BC",8.5,,2958.5,,
3/31/2025,PAYMENT THANK YOU/PAIEMEN T MERCI,,132.59,2950,,
3/26/2025,OVERLIMIT FEE,29,,3082.59,,
3/25/2025,PURCHASE INTEREST,57.13,,3053.59,,
3/25/2025,CASH INTEREST,5.45,,2996.46,,
3/21/2025,"EVENTBRITE/PETUNIASTUE SAINT JOHN, NB",45.26,,2991.01,,
3/21/2025,"MEGA MART VICTORIA, BC",46.01,,2945.75,,
3/21/2025,"R PARKING VIC VICTORIA, BC",8.5,,2899.74,,
3/19/2025,"EQUIFAX CANADA CO. 855-233-9226, ON",26.2,,2891.24,,
3/18/2025,CASH ADV/BT/CONV CHQ FEE,5,,2865.04,,
3/18/2025,"AMZN Apps CA www.amazon.ca, ON",14.55,,2860.04,,
3/18/2025,PAYMENT THANK YOU/PAIEMEN T MERCI,,75.91,2845.49,,
3/18/2025,PAYMENT THANK YOU/PAIEMEN T MERCI,,54.51,2921.4,,
3/18/2025,PAYMENT THANK YOU/PAIEMEN T MERCI,,4,2975.91,,
3/18/2025,PAYMENT THANK YOU/PAIEMEN T MERCI,,16.9,2979.91,,
3/18/2025,PAYMENT THANK YOU/PAIEMEN T MERCI,,68.24,2996.81,,
3/18/2025,CASH ADVANCE/AVANCE DE FO NDS,90,,3065.05,,
3/17/2025,"Subway 14690 Langford, BC",16.85,,2975.05,,
3/17/2025,"Microsoft*Microsoft 365 P Mississauga, ON",12.89,,2958.2,,
3/17/2025,"GOOGLE*TREND MICRO G.CO/HELPPAY#, NS",5.59,,2945.31,,
3/17/2025,"APPLE.COM/BILL TORONTO, ON",51.49,,2939.72,,
3/17/2025,"SHELL C47030 VICTORIA, BC",41.78,,2888.23,,
3/17/2025,"SHELL C47030 VICTORIA, BC",55.15,,2846.45,,
3/17/2025,PAYMENT THANK YOU/PAIEMEN T MERCI,,181.43,2791.3,,
3/17/2025,"ID ASSIST 8779001837 TORONTO, ON",22.39,,2972.73,,
3/14/2025,CASHBACK/REMISE EN ARGENT,,26.87,2950.34,,
3/13/2025,"R PARKING VIC VICTORIA, BC",8.5,,2977.21,,
3/10/2025,"Netflix.com 866-716-0414, ON",21.27,,2968.71,,
3/10/2025,"SHAW CABLESYSTEMS CALGARY, AB",141.2,,2947.44,,
3/10/2025,PAYMENT THANK YOU/PAIEMEN T MERCI,,53.26,2806.24,,
3/7/2025,PAYMENT THANK YOU/PAIEMEN T MERCI,,121.53,2859.5,,
3/7/2025,PAYMENT THANK YOU/PAIEMEN T MERCI,,17.57,2981.03,,
3/7/2025,PAYMENT THANK YOU/PAIEMEN T MERCI,,1.24,2998.6,,
3/7/2025,"SHOPPERS DRUG MART #27 VICTORIA, BC",19.84,,2999.84,,
3/4/2025,CASH ADV/BT/CONV CHQ FEE,5,,2980,,
3/4/2025,CASH ADVANCE/AVANCE DE FO NDS,225,,2975,,
3/4/2025,PAYMENT THANK YOU/PAIEMEN T MERCI,,238.96,2750,,
3/3/2025,"APPLE.COM/BILL 866-712-7753, ON",60.47,,2988.96,,
3/3/2025,"APPLE.COM/BILL 866-712-7753, ON",12.31,,2928.49,,
3/3/2025,PAYMENT THANK YOU/PAIEMEN T MERCI,,75,2916.18,,
3/3/2025,"APPLE.COM/BILL TORONTO, ON",14.55,,2991.18,,
2/28/2025,"Amazon Channels amazon.ca, BC",24.63,,2976.63,,
2/28/2025,"CITY OF VICTORIA PARKI VICTORIA, BC",2,,2952,,
2/28/2025,PAYMENT THANK YOU/PAIEMEN T MERCI,,26.28,2950,,
2/26/2025,"APPLE.COM/BILL 866-712-7753, ON",95.19,,2976.28,,
2/25/2025,CASH INTEREST,1.19,,2881.09,,
2/25/2025,PURCHASE INTEREST,48.64,,2879.9,,
2/24/2025,"APPLE.COM/BILL 866-712-7753, ON",61.59,,2831.26,,
2/24/2025,"APPLE.COM/BILL 866-712-7753, ON",95.19,,2769.67,,
2/24/2025,"APPLE.COM/BILL 866-712-7753, ON",95.19,,2674.48,,
2/24/2025,"APPLE.COM/BILL 866-712-7753, ON",95.19,,2579.29,,
2/24/2025,"APPLE.COM/BILL TORONTO, ON",95.19,,2484.1,,
2/24/2025,"APPLE.COM/BILL TORONTO, ON",126.54,,2388.91,,
2/24/2025,"STARBUCKS COFFEE #4405 VICTORIA, BC",6.78,,2262.37,,
2/24/2025,"PrimeVideo.c*AL5YA5AM3 www.amazon.ca, BC",5.59,,2255.59,,
2/21/2025,"APPLE.COM/BILL 866-712-7753, ON",95.19,,2250,,
2/21/2025,PAYMENT THANK YOU/PAIEMEN T MERCI,,336.67,2154.81,,
2/21/2025,"APPLE.COM/BILL 866-712-7753, ON",95.19,,2491.48,,
2/21/2025,"APPLE.COM/BILL 866-712-7753, ON",95.19,,2396.29,,
2/20/2025,PAYMENT THANK YOU/PAIEMEN T MERCI,,414.88,2301.1,,
2/20/2025,"STARBUCKS 04546 VICTORIA, BC",6.78,,2715.98,,
2/19/2025,"EQUIFAX CANADA CO. 855-233-9226, ON",26.2,,2709.2,,
2/19/2025,"APPLE.COM/BILL 866-712-7753, ON",82.86,,2683,,
2/18/2025,"AMZN Apps CA www.amazon.ca, ON",14.55,,2600.14,,
2/18/2025,"CAFFE FANTASTICO VICTORIA, BC",5.11,,2585.59,,
2/18/2025,"THE SPIRAL CAFE VICTORIA, BC",7.85,,2580.48,,
2/18/2025,"THE SPIRAL CAFE VICTORIA, BC",5.1,,2572.63,,
2/18/2025,"THE MARKET ON MILLSTRE VICTORIA, BC",74.42,,2567.53,,
2/18/2025,"SHELL C47030 VICTORIA, BC",125.33,,2493.11,,
2/18/2025,"WAL-MART SUPERCENTER#3109 VICTORIA, BC",98.7,,2367.78,,
2/18/2025,PAYMENT THANK YOU/PAIEMEN T MERCI,,490.9,2269.08,,
2/18/2025,CASHBACK/REMISE EN ARGENT,,30.92,2759.98,,
2/18/2025,"AMAZON.COM * 5L4LR38Y3 VANCOUVER, BC",99.99,,2790.9,,
2/18/2025,"APPLE.COM/BILL 866-712-7753, ON",4.47,,2690.91,,
2/18/2025,"ID ASSIST 8779001837 TORONTO, ON",22.39,,2686.44,,
2/14/2025,"Microsoft*Microsoft 365 P Mississauga, ON",8.96,,2664.05,,
2/14/2025,"GOOGLE *Trend Micro g.co/helppay#, NS",5.59,,2655.09,,
2/10/2025,CASH ADV/BT/CONV CHQ FEE,5,,2649.5,,
2/10/2025,"Netflix.com 866-716-0414, ON",18.47,,2644.5,,
2/10/2025,"APPLE.COM/BILL 866-712-7753, ON",80.62,,2626.03,,
2/10/2025,"APPLE.COM/BILL 866-712-7753, ON",60.47,,2545.41,,
2/10/2025,"ESSO 7-ELEVEN 37898 VICTORIA, BC",144.39,,2484.94,,
2/10/2025,**CASH ADVANCE - AVANCE D E FONDS**,100,,2340.55,,
2/4/2025,"APPLE.COM/BILL 866-712-7753, ON",44.79,,2240.55,,
2/4/2025,"Amazon.ca*ZC0QQ2RY1 AMAZON.CA, ON",65.15,,2195.76,,
2/3/2025,"APPLE.COM/BILL 866-712-7753, ON",41.42,,2130.61,,
2/3/2025,"APPLE.COM/BILL 866-712-7753, ON",72.78,,2089.19,,
2/3/2025,"APPLE.COM/BILL 866-712-7753, ON",60.47,,2016.41,,
2/3/2025,"APPLE.COM/BILL 866-712-7753, ON",60.47,,1955.94,,
2/3/2025,"UVIC PARKING VICTORIA, BC",10,,1895.47,,
2/3/2025,"UVIC FOOD BIBLIO VICTORIA, BC",14.97,,1885.47,,
2/3/2025,"UVIC FOOD BIBLIO VICTORIA, BC",10.49,,1870.5,,
2/3/2025,"SHOPPERS DRUG MART #27 VICTORIA, BC",9.04,,1860.01,,
2/3/2025,"SHELL C47030 VICTORIA, BC",27.49,,1850.97,,
1/31/2025,"Amazon Channels amazon.ca, BC",24.63,,1823.48,,
1/31/2025,"APPLE.COM/BILL 866-712-7753, ON",14.55,,1798.85,,
1/31/2025,"APPLE.COM/BILL 866-712-7753, ON",12.31,,1784.3,,
1/29/2025,PAYMENT THANK YOU/PAIEMEN T MERCI,,712.08,1771.99,,
1/29/2025,"APPLE.COM/BILL 866-712-7753, ON",41.43,,2484.07,,
1/27/2025,"SUSHI LANGFORD VICTORIA, BC",82.42,,2442.64,,
1/27/2025,"BIRYANI PALACE VICTORIA, BC",53.34,,2360.22,,
1/27/2025,PROTON AG* PROTON AG GENEVA 12.99 EUR @ 1.546574,20.09,,2306.88,,
1/27/2025,"SHAW CABLESYSTEMS CALGARY, AB",135.6,,2286.79,,
1/24/2025,PURCHASE INTEREST,12.7,,2151.19,,
1/22/2025,"APPLE.COM/BILL TORONTO, ON",41.43,,2138.49,,
1/21/2025,PAYMENT THANK YOU/PAIEMEN T MERCI,,104.1,2097.06,,
1/20/2025,"Subway 14690 Langford, BC",16.76,,2201.16,,
1/20/2025,"EQUIFAX CANADA CO. 855-233-9226, ON",26.2,,2184.4,,
1/20/2025,"APPLE.COM/BILL 866-712-7753, ON",82.29,,2158.2,,
1/20/2025,"AMAZON* Z548R3W20 VANCOUVER, BC",55,,2075.91,,
1/20/2025,"AMZN Apps CA www.amazon.ca, ON",14.55,,2020.91,,
1/20/2025,"SHOPPERS DRUG MART #02 VICTORIA, BC",57.63,,2006.36,,
1/20/2025,"BOLEN BOOKS VICTORIA, BC",,19.99,1948.73,,
1/20/2025,"BOLEN BOOKS VICTORIA, BC",29.99,,1968.72,,
1/20/2025,PAYMENT THANK YOU/PAIEMEN T MERCI,,950,1938.73,,
1/16/2025,"AMAZON* ZD6QR7UR1 VANCOUVER, BC",99.99,,2888.73,,
1/16/2025,"AMAZON* ZD1Y54IM1 VANCOUVER, BC",74.99,,2788.74,,
1/15/2025,"APPLE.COM/BILL 866-712-7753, ON",41.43,,2713.75,,
1/15/2025,"APPLE.COM/BILL 866-712-7753, ON",4.47,,2672.32,,
1/15/2025,"APPLE.COM/BILL 866-712-7753, ON",61.59,,2667.85,,
1/15/2025,"APPLE.COM/BILL 866-712-7753, ON",60.47,,2606.26,,
1/15/2025,"AMAZON* ZD0281S51 VANCOUVER, BC",82.99,,2545.79,,
1/15/2025,PAYMENT THANK YOU/PAIEMEN T MERCI,,128.1,2462.8,,
1/15/2025,PAYMENT THANK YOU/PAIEMEN T MERCI,,134,2590.9,,
1/14/2025,"Microsoft*Microsoft 365 P Mississauga, ON",8.96,,2724.9,,
1/14/2025,"GOOGLE *Trend Micro g.co/helppay#, NS",5.59,,2715.94,,
1/13/2025,"BEST BUY #10 VICTORIA, BC",87.33,,2710.35,,
1/13/2025,"APPLE.COM/BILL 866-712-7753, ON",60.47,,2623.02,,
1/13/2025,PAYMENT THANK YOU/PAIEMEN T MERCI,,74.03,2562.55,,
1/13/2025,CASHBACK/REMISE EN ARGENT,,37.69,2636.58,,
1/10/2025,"APPLE.COM/BILL 866-712-7753, ON",60.47,,2674.27,,
1/10/2025,"WAL-MART SUPERCENTER#3188 LANGFORD, BC",65.64,,2613.8,,
1/10/2025,"WAL-MART SUPERCENTER#3188 LANGFORD, BC",171.62,,2548.16,,
1/9/2025,"APPLE.COM/BILL 866-712-7753, ON",101.9,,2376.54,,
1/9/2025,"APPLE.COM/BILL 866-712-7753, ON",76.14,,2274.64,,
1/8/2025,"GFL - DUNFORD HIT (WK) LANGFORD, BC",10.75,,2198.5,,
1/7/2025,"AMAZON* ZD08J4932 VANCOUVER, BC",30,,2187.75,,
1/7/2025,"SAVE ON FOODS 2227 VICTORIA, BC",97.4,,2157.75,,
1/6/2025,"AMAZON* ZP2LY8W60 VANCOUVER, BC",28.99,,2060.35,,
1/6/2025,"BOLEN BOOKS VICTORIA, BC",197.4,,2031.36,,
1/6/2025,"SHELL C47030 VICTORIA, BC",141.73,,1833.96,,
1/6/2025,PAYMENT THANK YOU/PAIEMEN T MERCI,,13.45,1692.23,,
1/6/2025,PAYMENT THANK YOU/PAIEMEN T MERCI,,750,1705.68,,
1/3/2025,Amazon.fr Pa*AZ4Z89I55 www.http:/Ama,284.94,,2455.68,,
1/3/2025,"MILESTONES LANGFORD, BC",127.2,,2170.74,,
1/3/2025,"AMAZON* ZD5351L02 VANCOUVER, BC",21.9,,2043.54,,
12/31/2024,"Amazon Channels amazon.ca, BC",24.63,,2021.64,,
12/31/2024,"AMAZON MKTPL*ZP30208H2 Amzn.com/bill, ON",236.09,,1997.01,,
12/31/2024,"MCDONALD'S #40537 VICTORIA, BC",19.59,,1760.92,,
12/31/2024,"REAL CDN. SUPERSTORE # VICTORIA, BC",205.18,,1741.33,,
12/30/2024,"AMZN Mktp CA*Z93IM5RY1 WWW.AMAZON.CA, ON",23,,1536.15,,
12/30/2024,"SHELL C47030 VICTORIA, BC",84.94,,1513.15,,
12/30/2024,PAYMENT THANK YOU/PAIEMEN T MERCI,,330.8,1428.21,,
12/27/2024,CASHBACK/REMISE EN ARGENT,,48.79,1759.01,,
12/24/2024,"AMAZON MKTPL*Z90GC4BN1 Amzn.com/bill, ON",25.32,,1807.8,,
12/24/2024,"AMZN Mktp CA*Z96WE1531 WWW.AMAZON.CA, ON",21.99,,1782.48,,
12/23/2024,"PrimeVideo.c*Z917Y4PC1 www.amazon.ca, BC",5.59,,1760.49,,
12/23/2024,"SABHAI THAI RESTAURANT VICTORIA, BC",85.2,,1754.9,,
12/23/2024,PAYMENT THANK YOU/PAIEMEN T MERCI,,132.08,1669.7,,
12/20/2024,"AMAZON MKTPL*Z98S51HJ2 Amzn.com/bill, ON",63.65,,1801.78,,
12/20/2024,"PIZZA AL FORNO VICTORIA, BC",9,,1738.13,,
12/20/2024,"BIRYANI PALACE VICTORIA, BC",76.97,,1729.13,,
12/19/2024,"Amazon Channels amazon.ca, BC",6.71,,1652.16,,
12/19/2024,"SHOPPERS DRUG MART #02 VICTORIA, BC",60,,1645.45,,
12/19/2024,"SHOPPERS DRUG MART #02 VICTORIA, BC",81.64,,1585.45,,
12/19/2024,"R PARKING VIC VICTORIA, BC",12,,1503.81,,
12/19/2024,"DOLLARAMA #0953 VICTORIA, BC",15.13,,1491.81,,
12/18/2024,"AMZN Apps CA www.amazon.ca, ON",14.55,,1476.68,,
12/18/2024,"SHELL C47030 VICTORIA, BC",152.41,,1462.13,,
12/17/2024,"SAVE ON FOODS 2227 VICTORIA, BC",277.51,,1309.72,,
12/16/2024,"Amazon.ca*ZX2ND82F1 AMAZON.CA, ON",56.05,,1032.21,,
12/16/2024,"SHELL C47030 VICTORIA, BC",84.94,,976.16,,
12/13/2024,"MONTANAS 3062 VICTORIA, BC",17.27,,891.22,,
12/13/2024,"MICHAELS #4938 VICTORIA, BC",38.04,,873.95,,
12/12/2024,"SOL FINE FOODS VICTORIA, BC",78,,835.91,,
12/12/2024,"SOL FINE FOODS VICTORIA, BC",48,,757.91,,
12/12/2024,"SOL FINE FOODS VICTORIA, BC",3.28,,709.91,,
12/12/2024,"INDIGO 963 VICTORIA, BC",18.02,,706.63,,
12/12/2024,"R PARKING VIC VICTORIA, BC",12,,688.61,,
12/11/2024,"FORBES PHARMACY MILLSTREA VICTORIA, BC",22.12,,676.61,,
12/11/2024,"REAL CDN. SUPERSTORE # VICTORIA, BC",36.04,,654.49,,
12/11/2024,"SHOPPERS DRUG MART #27 VICTORIA, BC",89.75,,618.45,,
12/11/2024,"WAL-MART SUPERCENTER#3188 LANGFORD, BC",133.59,,528.7,,
12/11/2024,"WAL-MART SUPERCENTER#3188 LANGFORD, BC",7.66,,395.11,,
12/10/2024,"SHELL C47030 VICTORIA, BC",84.94,,387.45,,
12/9/2024,"BURGER KING #13574 VICTORIA, BC",31.06,,302.51,,
12/9/2024,"BIRYANI PALACE VICTORIA, BC",82.91,,271.45,,
12/9/2024,"Amazon.ca*ZR2JN3VX2 AMAZON.CA, ON",122.47,,188.54,,
12/9/2024,PAYMENT THANK YOU/PAIEMEN T MERCI,,256,66.07,,
12/6/2024,GROCERY CAMPAIGN OFFER,,9.92,322.07,,
12/6/2024,"SHELL C47030 VICTORIA, BC",99.94,,331.99,,
12/5/2024,"Subway 14690 Langford, BC",15.6,,232.05,,
12/5/2024,"R PARKING VIC VICTORIA, BC",12,,216.45,,
12/3/2024,"AMAZON MKTPL*ZL08J80Q2 Amzn.com/bill, ON",88.72,,204.45,,
12/2/2024,"BURGER KING #13574 VICTORIA, BC",22.67,,115.73,,
12/2/2024,"WAL-MART SUPERCENTER#3188 LANGFORD, BC",75.02,,93.06,,
12/2/2024,PAYMENT THANK YOU/PAIEMEN T MERCI,,53.17,18.04,,
11/26/2024,CASHBACK/REMISE EN ARGENT,,12.58,71.21,,
11/25/2024,TRSF CR BAL TO DEP ACCT,301.84,,83.79,,
11/25/2024,PURCHASE INTEREST,65.75,,-218.05,,
11/25/2024,CASH INTEREST,17.22,,-283.8,,
11/25/2024,PAYMENT PROTECTOR PREMIUM 800-893-2862,0.82,,-301.02,,
11/14/2024,"SOL FINE FOODS VICTORIA, BC",3.28,,-301.84,,
11/14/2024,"R PARKING VIC VICTORIA, BC",7.5,,-305.12,,
11/14/2024,TD BANK LA BANQUE TD 9915 TORONTO,,10273.09,-312.62,,
11/12/2024,"APPLE.COM/BILL TORONTO, ON",60.47,,9960.47,,
11/12/2024,PAYMENT THANK YOU/PAIEMEN T MERCI,,72.24,9900,,
11/7/2024,"R PARKING VIC VICTORIA, BC",12,,9972.24,,
11/7/2024,PAYMENT THANK YOU/PAIEMEN T MERCI,,35,9960.24,,
11/6/2024,"APPLE.COM/BILL 866-712-7753, ON",41.43,,9995.24,,
11/5/2024,"APPLE.COM/BILL 866-712-7753, ON",15.67,,9953.81,,
11/4/2024,PAYMENT THANK YOU/PAIEMEN T MERCI,,32.39,9938.14,,
10/31/2024,"APPLE.COM/BILL 866-712-7753, ON",14.55,,9970.53,,
10/31/2024,"APPLE.COM/BILL 866-712-7753, ON",12.31,,9955.98,,
10/31/2024,"TICKETS*RUSSELL PETERS 8442235661, DE 277.61 USD @ 1.428118",396.46,,9943.67,,
10/31/2024,"SOL FINE FOODS VICTORIA, BC",3.59,,9547.21,,
10/31/2024,"R PARKING VIC VICTORIA, BC",7.5,,9543.62,,
10/31/2024,PAYMENT THANK YOU/PAIEMEN T MERCI,,300,9536.12,,
10/29/2024,"APPLE.COM/BILL 866-712-7753, ON",66.62,,9836.12,,
10/29/2024,"APPLE.COM/BILL 866-712-7753, ON",47.58,,9769.5,,
10/29/2024,PAYMENT THANK YOU/PAIEMEN T MERCI,,27,9721.92,,
10/29/2024,PAYMENT THANK YOU/PAIEMEN T MERCI,,250,9748.92,,
10/29/2024,PAYMENT THANK YOU/PAIEMEN T MERCI,,300,9998.92,,
10/28/2024,"APPLE.COM/BILL 866-712-7753, ON",76.14,,10298.92,,
10/28/2024,"APPLE.COM/BILL 866-712-7753, ON",11.19,,10222.78,,
10/28/2024,PAYMENT THANK YOU/PAIEMEN T MERCI,,61.47,10211.59,,
10/28/2024,INTEREST REVERSAL,,0.03,10273.06,,
10/25/2024,PAYMENT PROTECTOR PREMIUM 800-893-2862,100.71,,10273.09,,
10/25/2024,PURCHASE INTEREST,200.78,,10172.38,,
10/25/2024,CASH INTEREST,31.32,,9971.6,,
10/25/2024,"SHELL C47030 VICTORIA, BC",25,,9940.28,,
10/24/2024,"APPLE.COM/BILL 866-712-7753, ON",41.43,,9915.28,,
10/23/2024,PAYMENT THANK YOU/PAIEMEN T MERCI,,75,9873.85,,
10/22/2024,"APPLE.COM/BILL 866-712-7753, ON",60.47,,9948.85,,
10/22/2024,AMAZON EU SARL 2090401 PAYLI2090401/ -1.35 EUR @ 1.451851,,1.96,9888.38,,
10/17/2024,CASHBACK/REMISE EN ARGENT,,26.26,9890.34,,
10/17/2024,"SOL FINE FOODS VICTORIA, BC",4.1,,9916.6,,
10/17/2024,"R PARKING VIC VICTORIA, BC",7.5,,9912.5,,
10/16/2024,PAYMENT THANK YOU/PAIEMEN T MERCI,,61.71,9905,,
10/15/2024,CASH ADV/BT/CONV CHQ FEE,5,,9966.71,,
10/15/2024,"CITY OF VICTORIA PARKI VICTORIA, BC",1,,9961.71,,
10/15/2024,"UVIC PARKING VICTORIA, BC",5,,9960.71,,
10/15/2024,"CODECADEMY 184-49302633, NY 251.87 USD @ 1.412276",355.71,,9955.71,,
10/15/2024,PAYMENT THANK YOU/PAIEMEN T MERCI,,520.34,9600,,
10/15/2024,CASH ADVANCE/AVANCE DE FO NDS,150,,10120.34,,
10/11/2024,"APPLE.COM/BILL TORONTO, ON",60.47,,9970.34,,
10/10/2024,"SOL FINE FOODS VICTORIA, BC",3.28,,9909.87,,
10/10/2024,"R PARKING VIC VICTORIA, BC",7.5,,9906.59,,
10/9/2024,"APPLE.COM/BILL 866-712-7753, ON",,13.44,9899.09,,
10/9/2024,"WAL-MART SUPERCENTER#3188 LANGFORD, BC",96.53,,9912.53,,
10/8/2024,PAYMENT THANK YOU/PAIEMEN T MERCI,,120,9816,,
10/8/2024,"Audible CA*D86O52M73 Amzn.com/bill, NJ",8.39,,9936,,
10/8/2024,"REAL CDN. SUPERSTORE # VICTORIA, BC",13.98,,9927.61,,
10/8/2024,PAYMENT THANK YOU/PAIEMEN T MERCI,,46.58,9913.63,,
10/7/2024,"GFL - DUNFORD HIT (WK) LANGFORD, BC",17.4,,9960.21,,
10/7/2024,"R PARKING VIC VICTORIA, BC",2.5,,9942.81,,
10/4/2024,"APPLE.COM/BILL 866-712-7753, ON",31.35,,9940.31,,
10/3/2024,AMAZON EU SARL 2090401 PAYLI2090401/ -.81 EUR @ 1.456790,,1.18,9908.96,,
10/3/2024,"SOL FINE FOODS VICTORIA, BC",3.59,,9910.14,,
10/3/2024,"SOL FINE FOODS VICTORIA, BC",3.59,,9906.55,,
10/3/2024,"R PARKING VIC VICTORIA, BC",7.5,,9902.96,,
10/3/2024,"WAL-MART SUPERCENTER#3188 LANGFORD, BC",61.44,,9895.46,,
10/2/2024,CASH ADV/BT/CONV CHQ FEE,5,,9834.02,,
10/2/2024,PAYMENT THANK YOU/PAIEMEN T MERCI,,100,9829.02,,
10/2/2024,PAYMENT THANK YOU/PAIEMEN T MERCI,,300,9929.02,,
10/2/2024,"ATM CASH ADVANCE-RB/AVANC E FONDS-GAB R, B",303.5,,10229.02,,
10/2/2024,"Masjid Al-Iman VICTORIA, BC",20,,9925.52,,
10/2/2024,"Masjid Al-Iman VICTORIA, BC",20,,9905.52,,
10/1/2024,"APPLE.COM/BILL 866-712-7753, ON",12.31,,9885.52,,
10/1/2024,"FORBES PHARMACY MILLSTREA VICTORIA, BC",37,,9873.21,,
10/1/2024,"APPLE.COM/BILL 866-712-7753, ON",14.55,,9836.21,,
10/1/2024,"SQ *BCMA VICTORIA Victoria, BC",54,,9821.66,,
10/1/2024,"STARBUCKS 04546 VICTORIA, BC",4.78,,9767.66,,
10/1/2024,"BIRYANI PALACE VICTORIA, BC",37.75,,9762.88,,
9/27/2024,"SOL FINE FOODS VICTORIA, BC",3.59,,9725.13,,
9/27/2024,"SOL FINE FOODS VICTORIA, BC",3.59,,9721.54,,
9/27/2024,"R PARKING VIC VICTORIA, BC",7.5,,9717.95,,
9/26/2024,INTEREST REVERSAL,,0.09,9710.45,,
9/26/2024,"R PARKING VIC VICTORIA, BC",7.5,,9710.54,,
9/26/2024,PAYMENT THANK YOU/PAIEMEN T MERCI,,144.03,9703.04,,
9/26/2024,"SOL FINE FOODS VICTORIA, BC",4.1,,9847.07,,
9/26/2024,"SHAW CABLESYSTEMS CALGARY, AB",134.93,,9842.97,,
9/25/2024,PURCHASE INTEREST,56.35,,9708.04,,
9/25/2024,CASH INTEREST,26.94,,9651.69,,
9/25/2024,PAYMENT PROTECTOR PREMIUM 800-893-2862,95.17,,9624.75,,
9/25/2024,"MCDONALD'S #40537 VICTORIA, BC",5.1,,9529.58,,
9/24/2024,CASH ADV/BT/CONV CHQ FEE,5,,9524.48,,
9/24/2024,CASHBACK/REMISE EN ARGENT,,35.87,9519.48,,
9/24/2024,Amazon.fr Pa*TH1EW81C4 www.http:/Ama,43.7,,9555.35,,
9/24/2024,"SHELL C47030 VICTORIA, BC",147.41,,9511.65,,
9/24/2024,"RONA+ LANGFORD 83702 VICTORIA, BC",,28,9364.24,,
9/24/2024,"RONA+ LANGFORD 83702 VICTORIA, BC",44.79,,9392.24,,
9/24/2024,CASH ADVANCE/AVANCE DE FO NDS,145,,9347.45,,
9/24/2024,"CASCADIA LIQUOR EAGLE VICTORIA, BC",77.28,,9202.45,,
9/24/2024,"QUALITY FOODS 4707 VICTORIA, BC",7.96,,9125.17,,
9/24/2024,"WAL-MART SUPERCENTER#3188 LANGFORD, BC",32.37,,9117.21,,
9/23/2024,CASH ADV/BT/CONV CHQ FEE,5,,9084.84,,
9/23/2024,"RONA+ LANGFORD 83702 VICTORIA, BC",133.56,,9079.84,,
9/23/2024,"MCDONALD'S #40537 VICTORIA, BC",21.61,,8946.28,,
9/23/2024,CASH ADVANCE/AVANCE DE FO NDS,200,,8924.67,,
9/23/2024,AMAZON EU SARL 2090401 PAYLI2090401/ 158.89 EUR @ 1.550695,246.39,,8724.67,,
9/20/2024,"SAVE ON FOODS 2227 VICTORIA, BC",88.65,,8478.28,,
9/19/2024,"R PARKING VIC VICTORIA, BC",7.5,,8389.63,,
9/19/2024,"APPLE.COM/BILL TORONTO, ON",95.19,,8382.13,,
9/19/2024,"SOL FINE FOODS VICTORIA, BC",3.59,,8286.94,,
9/19/2024,"Amazon.ca*OX95M4FP3 AMAZON.CA, ON",130.48,,8283.35,,
9/19/2024,"WAL-MART SUPERCENTER#3188 LANGFORD, BC",138.77,,8152.87,,
9/19/2024,"WAL-MART SUPERCENTER#3188 LANGFORD, BC",115.41,,8014.1,,
9/19/2024,"7-ELEVEN STORE #37905 VICTORIA, BC",131.8,,7898.69,,
9/18/2024,"AMZN Apps CA www.amazon.ca, ON",13.43,,7766.89,,
9/18/2024,AMZN Marketp*T642K4MA4 www.amazon.co,54.39,,7753.46,,
9/17/2024,"AMAZON MKTPL*C60G10XY3 Amzn.com/bill, ON",55.64,,7699.07,,
9/17/2024,"STARBUCKS 04546 VICTORIA, BC",4.67,,7643.43,,
9/16/2024,"APPLE.COM/BILL 866-712-7753, ON",41.43,,7638.76,,
9/16/2024,"UNDERGRADUATE ADMISSIO 604-827-3615, BC",75.5,,7597.33,,
9/16/2024,"AMZN Mktp US Amzn.com/bill, ON",,23.94,7521.83,,
9/16/2024,"APPLY BC BURNABY, BC",84.25,,7545.77,,
9/16/2024,"APPLE.COM/BILL 866-712-7753, ON",4.47,,7461.52,,
9/16/2024,"TENNYSON AUTO REPAIRS / VICTORIA, BC",529.76,,7457.05,,
9/16/2024,"FAIRWAY MARKET VICTORIA, BC",58.97,,6927.29,,
9/16/2024,"BIRYANI PALACE VICTORIA, BC",118.32,,6868.32,,
9/16/2024,PAYMENT THANK YOU/PAIEMEN T MERCI,,9.3,6750,,
9/16/2024,PAYMENT THANK YOU/PAIEMEN T MERCI,,240.7,6759.3,,
9/13/2024,"Subway 14690 Langford, BC",17.36,,7000,,
9/13/2024,"SHELL C47030 VICTORIA, BC",127.41,,6982.64,,
9/13/2024,PAYMENT THANK YOU/PAIEMEN T MERCI,,1104.35,6855.23,,
9/13/2024,PAYMENT THANK YOU/PAIEMEN T MERCI,,15,7959.58,,
9/11/2024,CASHBACK/REMISE EN ARGENT,,57.62,7974.58,,
9/11/2024,"AMAZON MKTPL*PG6ZZ09L3 Amzn.com/bill, ON",79.12,,8032.2,,
9/11/2024,"AMZN Mktp US*JC5KZ1RX3 Amzn.com/bill, ON",23.94,,7953.08,,
9/11/2024,"AMAZON MKTPL*MN94U98Q3 Amzn.com/bill, ON",21.1,,7929.14,,
9/11/2024,"AMAZON MKTPL*Z83FM4TM0 Amzn.com/bill, ON",23.93,,7908.04,,
9/11/2024,"CITY OF VICTORIA PARKI VICTORIA, BC",6,,7884.11,,
9/10/2024,"AMAZON MKTPL*Z87JT9NN0 Amzn.com/bill, ON",33.74,,7878.11,,
9/10/2024,"AMAZON MKTPL*ZT0A45W11 Amzn.com/bill, ON",15.07,,7844.37,,
9/10/2024,CASH ADV/BT/CONV CHQ FEE,5,,7829.3,,
9/10/2024,"CONCORDIA UNIVERSITY MONTREAL, QC",100,,7824.3,,
9/10/2024,"ATM CASH ADVANCE-RB/AVANC E FONDS-GAB R, B",101.75,,7724.3,,
9/9/2024,"APPLE.COM/BILL 866-712-7753, ON",41.43,,7622.55,,
9/9/2024,"SAVE ON FOODS 2227 VICTORIA, BC",119.12,,7581.12,,
9/9/2024,"SHELL C47035 VICTORIA, BC",3.87,,7462,,
9/9/2024,"Subway 14690 Langford, BC",17.36,,7458.13,,
9/9/2024,"Audible CA*ZT1OR6551 Amzn.com/bill, NJ",8.39,,7440.77,,
9/9/2024,"CITY OF VICTORIA PARKI VICTORIA, BC",3,,7432.38,,
9/9/2024,"VANGENNE AND COMPANY LAW VICTORIA, BC",525.5,,7429.38,,
9/9/2024,"SHELL C47030 VICTORIA, BC",171.32,,6903.88,,
9/6/2024,"QUALITY FOODS 4706 VICTORIA, BC",122.86,,6732.56,,
9/6/2024,"CASCADIA LIQUOR LANGFO VICTORIA, BC",47.63,,6609.7,,
9/5/2024,"AMAZON MKTPL*ZT8HT9TR0 Amzn.com/bill, ON",28.43,,6562.07,,
9/5/2024,"AMAZON MKTPL*ZT4V51EO1 Amzn.com/bill, ON",66.7,,6533.64,,
9/5/2024,"AMAZON MKTPL*ZT62U0N60 Amzn.com/bill, ON",35.71,,6466.94,,
9/5/2024,"CREASE HARMAN LLP TR 250-388-5421, BC",560,,6431.23,,
9/5/2024,"WAL-MART SUPERCENTER#3188 LANGFORD, BC",324.2,,5871.23,,
9/4/2024,"AMAZON MKTPL*ZT7UM15I2 Amzn.com/bill, ON",49.65,,5547.03,,
9/4/2024,"APPLE.COM/BILL 866-712-7753, ON",136.62,,5497.38,,
9/4/2024,DIGITAL RIVER IRELAND DIGITALRIVER.,167.94,,5360.76,,
9/4/2024,"MCDONALD'S #40537 VICTORIA, BC",21.61,,5192.82,,
9/3/2024,"AMAZON* RK7U20740 DOWNTOWN TORO, ON",36.99,,5171.21,,
9/3/2024,"AMAZON* ZT0W53EM2 DOWNTOWN TORO, ON",33.67,,5134.22,,
9/3/2024,PAYMENT THANK YOU/PAIEMEN T MERCI,,350,5100.55,,
9/3/2024,PAYMENT THANK YOU/PAIEMEN T MERCI,,247.48,5450.55,,
9/3/2024,"APPLE.COM/BILL 866-712-7753, ON",14.55,,5698.03,,
9/3/2024,"APPLE.COM/BILL 866-712-7753, ON",12.31,,5683.48,,
9/3/2024,"APPLE.COM/BILL 866-712-7753, ON",39.19,,5671.17,,
9/3/2024,"SHELL C47030 VICTORIA, BC",84.94,,5631.98,,
8/30/2024,"Subway 14690 Langford, BC",25.54,,5547.04,,
8/30/2024,"APPLE.COM/BILL TORONTO, ON",95.19,,5521.5,,
8/28/2024,"APPLE.COM/BILL TORONTO, ON",60.47,,5426.31,,
8/28/2024,"FORBES PHARMACY MILLSTREA VICTORIA, BC",22.12,,5365.84,,
8/28/2024,"BC REGISTRY COLIN INTERNE VICTORIA, BC",21.5,,5343.72,,
8/28/2024,"WESTJET 8384412410470 CALGARY, AB",,204.75,5322.22,,
8/28/2024,"WESTJET 8382190033860 CALGARY, AB",45.15,,5526.97,,
8/27/2024,CASH ADV/BT/CONV CHQ FEE,5,,5481.82,,
8/27/2024,CASHBACK/REMISE EN ARGENT,,241.26,5476.82,,
8/27/2024,CASH ADVANCE/AVANCE DE FO NDS,76.32,,5718.08,,
8/26/2024,CASH ADV/BT/CONV CHQ FEE,5,,5641.76,,
8/26/2024,"APPLE.COM/BILL TORONTO, ON",41.43,,5636.76,,
8/26/2024,"CITY OF VICTORIA PARKI VICTORIA, BC",6,,5595.33,,
8/26/2024,"CITY OF VICTORIA PARKI VICTORIA, BC",4,,5589.33,,
8/26/2024,"SP INTERACTIVITY BOA VICTORIA, BC",184.76,,5585.33,,
8/26/2024,"SHOPPERS DRUG MART #02 VICTORIA, BC",68.83,,5400.57,,
8/26/2024,"BOLEN BOOKS VICTORIA, BC",218,,5331.74,,
8/26/2024,"INTERACTIVITY BOARD GAME VICTORIA, BC",38.13,,5113.74,,
8/26/2024,"BC LIQUOR #082 HILLSIDE VICTORIA, BC",55.63,,5075.61,,
8/26/2024,"SHAW CABLESYSTEMS CALGARY, AB",127.76,,5019.98,,
8/26/2024,"SAVE ON FOODS 2227 VICTORIA, BC",86.83,,4892.22,,
8/26/2024,CASH ADVANCE/AVANCE DE FO NDS,150,,4805.39,,
8/26/2024,"SHELL C47030 VICTORIA, BC",19.07,,4655.39,,
8/23/2024,PAYMENT PROTECTOR PREMIUM 800-893-2862,45.45,,4636.32,,
8/23/2024,"Subway 14690 Langford, BC",11.58,,4590.87,,
8/23/2024,CASH INTEREST,15,,4579.29,,
8/21/2024,"SHELL C47030 VICTORIA, BC",131.85,,4564.29,,
8/21/2024,"WESTJET 8382189815698 CALGARY, AB",1288.97,,4432.44,,
8/20/2024,"ALLIANZ GLOBAL ASSISTANCE CAMBRIDGE, ON",188.75,,3143.47,,
8/20/2024,"APPLE.COM/BILL 866-712-7753, ON",95.19,,2954.72,,
8/20/2024,"SAVE ON FOODS #923 VICTORIA, BC",63.67,,2859.53,,
8/19/2024,"APPLE.COM/BILL 866-712-7753, ON",61.59,,2795.86,,
8/19/2024,"APPLE.COM/BILL 866-712-7753, ON",41.43,,2734.27,,
8/19/2024,"APPLE.COM/BILL 866-712-7753, ON",60.47,,2692.84,,
8/19/2024,"THE SPIRAL CAFE VICTORIA, BC",5.45,,2632.37,,
8/19/2024,"CROWN PALACE CHINESE REST VICTORIA, BC",43.89,,2626.92,,
8/19/2024,"APPLE.COM/BILL 866-712-7753, ON",85.07,,2583.03,,
8/19/2024,"Subway 14690 Langford, BC",15.6,,2497.96,,
8/19/2024,"Amazon.ca*RU65R8050 AMAZON.CA, ON",89.37,,2482.36,,
8/19/2024,"GFL DUNFORD VICTORIA, BC",19.55,,2392.99,,
8/19/2024,"SAVE ON FOODS 2227 VICTORIA, BC",133.47,,2373.44,,
8/19/2024,"DD/DOORDASHBAANTHAIWOK VANCOUVER, BC",76.12,,2239.97,,
8/19/2024,PAYMENT THANK YOU/PAIEMEN T MERCI,,500,2163.85,,
8/19/2024,"SHELL C47030 VICTORIA, BC",112.89,,2663.85,,
8/16/2024,"APPLE.COM/BILL TORONTO, ON",66.62,,2550.96,,
8/15/2024,"APPLE.COM/BILL 866-712-7753, ON",4.47,,2484.34,,
8/15/2024,"Subway 14690 Langford, BC",15.6,,2479.87,,
8/13/2024,CASH ADV/BT/CONV CHQ FEE,5,,2464.27,,
8/13/2024,CASH ADV/BT/CONV CHQ FEE,5,,2459.27,,
8/13/2024,CASHBACK/REMISE EN ARGENT,,130.56,2454.27,,
8/13/2024,CASH ADVANCE/AVANCE DE FO NDS,800,,2584.83,,
8/13/2024,CASH ADVANCE/AVANCE DE FO NDS,850,,1784.83,,
8/12/2024,"APPLE.COM/BILL 866-712-7753, ON",41.43,,934.83,,
8/12/2024,"APPLE.COM/BILL 866-712-7753, ON",72.77,,893.4,,
8/12/2024,"STARBUCKS 04234 VICTORIA, BC",6.46,,820.63,,
8/9/2024,"R PARKING VIC VICTORIA, BC",7.5,,814.17,,
8/9/2024,"SOL FINE FOODS VICTORIA, BC",12.69,,806.67,,
8/9/2024,"SHELL C47030 VICTORIA, BC",87.89,,793.98,,
8/8/2024,"Subway 14690 Langford, BC",17.36,,706.09,,
8/8/2024,"R PARKING VIC VICTORIA, BC",7.5,,688.73,,
8/8/2024,"APPLE.COM/BILL 866-712-7753, ON",60.47,,681.23,,
8/8/2024,"CARAVANA CAFE VICTORIA, BC",23.34,,620.76,,
8/8/2024,"CARAVANA CAFE VICTORIA, BC",6.25,,597.42,,
8/7/2024,"APPLE.COM/BILL 866-712-7753, ON",49.79,,591.17,,
8/7/2024,PAYMENT THANK YOU/PAIEMEN T MERCI,,406.77,541.38,,
8/6/2024,"APPLE.COM/BILL 866-712-7753, ON",66.62,,948.15,,
8/6/2024,"BURGER KING #13574 VICTORIA, BC",42.15,,881.53,,
8/6/2024,"APPLE.COM/BILL 866-712-7753, ON",63.25,,839.38,,
8/6/2024,"APPLE.COM/BILL 866-712-7753, ON",15.67,,776.13,,
8/6/2024,"STARBUCKS 04847 DUNCAN, BC",8.25,,760.46,,
8/6/2024,"SAVE ON FOODS 2227 VICTORIA, BC",121.49,,752.21,,
8/6/2024,"STARBUCKS COFFEE #4405 VICTORIA, BC",6.46,,630.72,,
8/6/2024,"SHOPPERS DRUG MART #27 VICTORIA, BC",150.08,,624.26,,
8/6/2024,"MCDONALD'S #29717 VICTORIA, BC",25.38,,474.18,,
8/6/2024,"PETRO CANADA69816 MILL BAY, BC",45,,448.8,,
8/6/2024,"REXALL PHARMACY #7139 COLWOOD, BC",172.56,,403.8,,
8/6/2024,"REXALL PHARMACY #7139 COLWOOD, BC",48.44,,231.24,,
8/6/2024,"JOIE FRENCH CAFE VICTORIA, BC",11.43,,182.8,,
8/6/2024,"STARBUCKS 04234 VICTORIA, BC",6.46,,171.37,,
8/6/2024,"SHELL C47030 VICTORIA, BC",87.89,,164.91,,
8/2/2024,"Subway 14690 Langford, BC",17.36,,77.02,,
8/2/2024,"R PARKING VIC VICTORIA, BC",7.5,,59.66,,
8/2/2024,"APPLE.COM/BILL 866-712-7753, ON",12.31,,52.16,,
8/2/2024,"APPLE.COM/BILL 866-712-7753, ON",41.43,,39.85,,
8/1/2024,"SOL FINE FOODS VICTORIA, BC",4.1,,-1.58,,
8/1/2024,"R PARKING VIC VICTORIA, BC",7.5,,-5.68,,
8/1/2024,"MCDONALD'S #1777 VICTORIA, BC",26.82,,-13.18,,
7/31/2024,PAYMENT THANK YOU/PAIEMEN T MERCI,,40,-40,,
7/30/2024,PAYMENT THANK YOU/PAIEMEN T MERCI,,40,0,,
7/29/2024,"CHV43050 LANGFORD CHEV LANGFORD (VIC, BC",40,,40,,
7/29/2024,PAYMENT THANK YOU/PAIEMEN T MERCI,,3.76,0,,
7/26/2024,"SOL FINE FOODS VICTORIA, BC",3.76,,3.76,,
7/25/2024,ANNUAL FEE,120,,0,,
7/25/2024,ANNUAL FEE REBATE,,120,-120,,
